9780061120084,Classic Literature,"['The small town buzzed with the whispers of the old case, a tale known to all, yet understood by few.', 'Under the sprawling oak, memories of justice and injustice entwined like the branches above.', ""Each passing day brought new eyes to old stories, and the town's history lived anew.""]"
9780451524935,Dystopian Fiction,"['In the world of constant surveillance, the truth was a commodity few could afford.', 'Words became whispers in the night, a silent rebellion against the ever-watchful eyes.', 'The clock struck thirteen, marking another hour under the watchful presence of Big Brother.']"
9780590353427,Fantasy,"['The young wizard stepped into a world unseen, where magic breathed life into the very stones.', 'Hidden corridors whispered secrets of ancient spells, the walls echoing with the magic of yore.', 'A dance of light and shadow played across the grand hall, casting enchantments of old.']"
9781503290563,Classic Romance,"['In the realm of high society, words unsaid held more power than those spoken aloud.', 'Elegant balls and quiet glances wove a tale of subtle love, hidden beneath layers of decorum.', 'The countryside bloomed, reflecting the blossoming affection that dared not speak its name.']"
9780743273565,Classic Fiction,"['In the glittering jazz age, the nights were as bright as the stars above.', 'Echoes of laughter and clinking glasses filled the air, masking the whispers of fleeting dreams.', 'Amidst the glamour, a tale of love and loss quietly unfolded, its melody lost in the roar.']"
9780316769488,Literary Fiction,"[""The city's heartbeat echoed in his ears, a rhythm of the unseen and untold."", 'Every street corner told a story, some of laughter, some of tears, in the urban landscape.', 'Amidst the bustling crowd, he walked alone, his thoughts a silent companion on the journey.']"
9780547928227,Fantasy,"['Over the hills, beyond the farthest shire, an adventure whispered in the winds.', 'In the heart of the earth, ancient secrets lay hidden, guarded by time itself.', 'A journey began, from humble doors to lands unknown, where shadows lingered and heroes were forged.']"
9780307474278,Mystery Thriller,"['Within the ancient walls, riddles of the past intertwined with the present.', 'Mysteries unfolded beneath the gaze of centuries-old art, each brushstroke a hidden clue.', 'In the labyrinth of history, a truth sought to be revealed, cloaked in enigma and legend.']"
9780553593716,Fantasy,"['In the realm of ice and fire, the game of thrones was more than mere play.', 'Whispers in the halls of power echoed promises and threats, as alliances formed and broke.', 'In a world where the night grew darker, the fate of kingdoms rested in the hands of the few.']"
9780062315007,Philosophical Fiction,"['In the journey of the soul, every step was a lesson, every path a different story.', 'The desert spoke in silence, teaching the language of the world, heard by those who listened.', ""Dreams and reality merged under the sun's gaze, as the alchemist sought the truth within.""]"
